"","r.squared","adj.r.squared","sigma","statistic","p.value","df","logLik","AIC","BIC","deviance","df.residual","nobs"
"1",0.368033486057449,0.364728034966712,0.433888085360152,111.341380027915,0,37,-4134.14289720423,8346.28579440846,8614.19780671901,1331.74325074818,7074,7112
